gp_id,gp_name,block_name,num_villages,sum_village_population,sum_village_sc_pop,sum_village_st_pop,gp_latitude,gp_longitude,gp_census_population,gp_census_sc_pop,gp_census_st_pop,population_match,map_gp_id
142639,Ahmadpur,Bichhiya,1,1781,0,1385,22.718432804113174,80.3202298333394,1781.0,0.0,1385.0,True,GP_000001
142640,Amadongari,Bichhiya,2,1348,124,704,22.455037376071022,80.44894125930655,1349.0,125.0,705.0,False,GP_000002
142641,Anjania,Bichhiya,1,5444,1131,892,22.504246504096105,80.50461679020262,5444.0,1131.0,892.0,True,GP_000003
142642,Banji,Bichhiya,2,1602,246,1208,22.506953943373414,80.53535233435608,1602.0,246.0,1208.0,True,GP_000004
142643,Barbaspur Mal,Bichhiya,2,1796,260,654,22.46351720576767,80.39757073226835,1796.0,259.0,654.0,True,GP_000005
142644,Barkheda,Bichhiya,1,1230,0,1149,22.41125760852608,80.76613644670591,1230.0,0.0,1149.0,True,GP_000006
142645,Batwar,Bichhiya,5,1720,5,1425,22.417743612000457,80.52469720760263,1719.0,7.0,1425.0,False,GP_000007
142646,Bhawamal,Bichhiya,5,2605,80,2035,22.55000533298454,80.55070081941439,2605.0,80.0,2033.0,True,GP_000008
142647,Bheema,Bichhiya,1,1284,0,692,22.46555732712443,80.79679202251623,1284.0,0.0,692.0,True,GP_000009
142650,Bokar,Bichhiya,1,2057,258,545,22.48380269935412,80.47036655171505,2057.0,258.0,545.0,True,GP_000010
142651,Budla,Bichhiya,3,2004,0,1452,22.489384433093,80.67408138611862,2003.0,0.0,1451.0,False,GP_000011
142652,Changaria,Bichhiya,4,1992,4,1464,22.49241072850198,80.58829562235752,1991.0,3.0,1464.0,False,GP_000012
142653,Chargaon,Bichhiya,3,1458,66,1269,22.412719733767247,80.43985202917908,1457.0,65.0,1269.0,False,GP_000013
142654,Chouranga Mal,Bichhiya,2,2170,16,738,22.38609013499355,80.74862195632402,2170.0,16.0,738.0,True,GP_000014
142655,Dai,Bichhiya,1,1598,94,1070,22.48223897047596,80.69995902207575,1598.0,94.0,1070.0,True,GP_000015
142656,Danitola,Bichhiya,1,2575,104,1561,22.5779859196868,80.70689772089598,2575.0,104.0,1561.0,True,GP_000016
142657,Deelwara,Bichhiya,6,1392,0,1230,22.446078983268222,80.64904923771347,1393.0,0.0,1230.0,False,GP_000017
142658,Dharampuri Mal,Bichhiya,3,1680,0,1527,22.35122968995532,80.73979323991404,1681.0,0.0,1527.0,False,GP_000018
142659,Dhutka,Bichhiya,2,1384,32,904,22.49606317983457,80.46352375254611,1383.0,33.0,903.0,False,GP_000019
142660,Diwara,Bichhiya,2,1684,84,220,22.50123997819618,80.42488505856558,1684.0,84.0,219.0,True,GP_000020
142661,Dudaka,Bichhiya,2,1884,192,1424,22.52072711936289,80.55760681956758,1883.0,191.0,1423.0,False,GP_000021
142662,Dungaria,Bichhiya,5,1865,10,1710,22.30779599322977,80.44178419763865,1864.0,11.0,1710.0,False,GP_000022
142663,Ghont,Bichhiya,4,1648,0,1160,22.474015692190115,80.58368827180998,1646.0,2.0,1160.0,False,GP_000023
142664,Harrabhat,Bichhiya,3,1542,45,930,22.52868941402244,80.5087385089583,1541.0,46.0,931.0,False,GP_000024
142665,Imalia,Bichhiya,3,1581,15,993,22.405686487422283,80.46256613996209,1580.0,14.0,992.0,False,GP_000025
142666,Jagnathar,Bichhiya,3,1986,381,729,22.50254447185057,80.47421726673744,1987.0,382.0,728.0,False,GP_000026
142667,Jhingaraghat,Bichhiya,3,1854,183,270,22.49412339324047,80.49849296828657,1855.0,184.0,271.0,False,GP_000027
142668,Jogisoda,Bichhiya,3,1608,0,1467,22.342747434243805,80.65387476934644,1608.0,0.0,1466.0,True,GP_000028
142669,Kakaia,Bichhiya,2,3518,140,466,22.47345817957232,80.44231860878685,3518.0,139.0,466.0,True,GP_000029
142670,Kanhari Kala,Bichhiya,5,3170,5,2565,22.49971597204468,80.62604356114292,3169.0,3.0,2564.0,False,GP_000030
142671,Kanskheda,Bichhiya,3,1356,30,1164,22.4579839544266,80.50539714757656,1357.0,30.0,1163.0,False,GP_000031
142672,Karanjia Mal,Bichhiya,4,2772,1416,552,22.380459721195464,80.78488850984873,2771.0,1415.0,550.0,False,GP_000032
142673,Kariagaon,Bichhiya,1,1741,30,74,22.514938943890883,80.45186008251433,1741.0,30.0,74.0,True,GP_000033
142674,Kata Jar,Bichhiya,3,1650,3,1599,22.44357704161058,80.42207290807247,1650.0,2.0,1599.0,True,GP_000034
142675,Katunga Mal,Bichhiya,6,2436,0,2058,22.419461133988328,80.66105970413174,2435.0,1.0,2057.0,False,GP_000035
142676,Keolari,Bichhiya,2,1876,70,1080,22.527951392097314,80.69951406196344,1877.0,70.0,1080.0,False,GP_000036
142677,Khalodi,Bichhiya,1,1328,5,1079,22.408206126559826,80.72228971391515,1328.0,5.0,1079.0,True,GP_000037
142678,Khamroti,Bichhiya,1,1704,184,1202,22.54292322362884,80.68733361115277,1704.0,184.0,1202.0,True,GP_000038
142679,Khatiya Narangi,Bichhiya,4,1520,60,908,22.298393579756027,80.57609634113692,1521.0,61.0,907.0,False,GP_000039
142680,Khatola,Bichhiya,2,1530,48,710,22.392637018483715,80.69689136848501,1530.0,47.0,710.0,True,GP_000040
142681,Khirhani,Bichhiya,1,1400,390,303,22.60032083458016,80.50097547781311,1400.0,390.0,303.0,True,GP_000041
142682,Kisali Bhilwani,Bichhiya,3,1938,0,1602,22.31145488415472,80.53872006704923,1937.0,0.0,1603.0,False,GP_000042
142683,Koko,Bichhiya,3,3420,18,2745,22.469207941551435,80.75587917098197,3420.0,18.0,2745.0,True,GP_000043
142684,Kudaila Raiya,Bichhiya,1,1704,4,1526,22.402272796986768,80.82888868202639,1704.0,4.0,1526.0,True,GP_000044
142685,Lafra,Bichhiya,1,2936,445,172,22.505794554314708,80.44212165478966,2936.0,445.0,172.0,True,GP_000045
142686,Lapti,Bichhiya,2,2168,36,1472,22.502999645005023,80.70012403269654,2167.0,36.0,1473.0,False,GP_000046
142687,Madhopur,Bichhiya,1,3399,221,368,22.52334125241621,80.47229083065193,3399.0,221.0,368.0,True,GP_000047
142688,Majhipur,Bichhiya,1,1325,19,1024,22.41699998639444,80.69734913334237,1325.0,19.0,1024.0,True,GP_000048
142689,Mand,Bichhiya,1,2519,133,956,22.47638367860253,80.51231642778912,2519.0,133.0,956.0,True,GP_000049
142690,Manga,Bichhiya,2,1338,4,1156,22.65582061139027,80.66565451994393,1338.0,5.0,1157.0,True,GP_000050
142691,Manikpur Mal,Bichhiya,5,1725,25,1345,22.41349820174459,80.48689541968848,1726.0,26.0,1347.0,False,GP_000051
142692,Manoharpur.,Bichhiya,3,2259,0,1956,22.30362546258405,80.73586774303273,2260.0,0.0,1955.0,False,GP_000052
142693,Medatal,Bichhiya,8,2664,416,1936,22.46922251019724,80.55197411409503,2661.0,419.0,1940.0,False,GP_000053
142694,Mocha,Bichhiya,6,2994,18,1812,22.30644987261125,80.47701541059985,2994.0,16.0,1813.0,True,GP_000054
142695,Muhad,Bichhiya,1,1609,0,272,22.364657373859952,80.7571412813507,1609.0,0.0,272.0,True,GP_000055
142696,Nakawal,Bichhiya,5,2465,5,1290,22.54334466577574,80.48302270192752,2467.0,3.0,1289.0,False,GP_000056
142697,Nara,Bichhiya,3,1833,102,141,22.50006378129892,80.43708356041438,1834.0,103.0,142.0,False,GP_000057
142698,Naraini Mal,Bichhiya,3,1551,3,1053,22.529509033567443,80.49691632261747,1552.0,4.0,1053.0,False,GP_000058
142699,Nevsa Bhapsa,Bichhiya,3,2040,144,1494,22.55221587673365,80.72091656092148,2041.0,145.0,1493.0,False,GP_000059
142700,Newasa Bahera,Bichhiya,3,1995,30,1269,22.43301086634919,80.72698809656279,1996.0,31.0,1268.0,False,GP_000060
142701,Orai,Bichhiya,2,1368,36,920,22.45494795046668,80.58468529567544,1368.0,35.0,920.0,True,GP_000061
142702,Padria,Bichhiya,4,2608,0,2420,22.466904984277143,80.72543141130666,2609.0,0.0,2421.0,False,GP_000062
142703,Pondi,Bichhiya,1,1327,6,466,22.465983316685325,80.46958264435166,1327.0,6.0,466.0,True,GP_000063
142704,Rajo Mal,Bichhiya,4,1964,64,1376,22.336833585203838,80.77402972696177,1964.0,64.0,1374.0,True,GP_000064
142705,Ramnagar,Bichhiya,2,3018,672,206,22.61411539874307,80.51743872822814,3018.0,673.0,206.0,True,GP_000065
142706,Rata,Bichhiya,5,2115,10,1375,22.328963023970253,80.46505793737185,2116.0,11.0,1373.0,False,GP_000066
142707,Sijhoura,Bichhiya,5,6340,205,3615,22.425752229029165,80.78884455577277,6342.0,203.0,3614.0,False,GP_000067
142708,Thoda,Bichhiya,3,2508,96,1503,22.47051890870344,80.63740920680588,2508.0,95.0,1503.0,True,GP_000068
142709,Tilari,Bichhiya,4,1960,32,1592,22.3605468122416,80.44494485203943,1962.0,32.0,1592.0,False,GP_000069
142710,Umarwada,Bichhiya,5,2405,45,2220,22.446890860062368,80.61170344589513,2403.0,46.0,2219.0,False,GP_000070
142711,Barganda Mal,Bijadandi,5,1465,0,1285,22.983131369029216,80.17653332832329,1466.0,0.0,1287.0,False,GP_000071
142712,Bargaon,Bijadandi,3,1443,0,1281,22.83450620351837,80.08764091235628,1442.0,0.0,1281.0,False,GP_000072
142713,Barounchi,Bijadandi,2,1628,10,1572,22.92087898721062,80.0637238213035,1628.0,10.0,1572.0,True,GP_000073
142714,Barwahi,Bijadandi,3,1692,0,1566,22.90965278368033,80.05037040597128,1692.0,0.0,1566.0,True,GP_000074
142715,Belkhedi,Bijadandi,3,1599,9,1404,22.94194374163056,80.07222358177457,1599.0,10.0,1403.0,True,GP_000075
142716,Bhainswahi,Bijadandi,4,2012,8,1836,22.97087073342989,80.29584187306072,2013.0,6.0,1836.0,False,GP_000076
142717,Bhatadungaria,Bijadandi,3,1884,9,1452,22.863426336299163,80.06429906600138,1883.0,9.0,1453.0,False,GP_000077
142718,Bhoudi,Bijadandi,4,3008,4,2672,23.01335903880996,80.25057901290344,3008.0,3.0,2673.0,True,GP_000078
142719,Bijadandi,Bijadandi,1,2282,130,767,23.000489520373225,80.15009229117331,2282.0,130.0,767.0,True,GP_000079
142720,Bilnagari,Bijadandi,4,2416,20,1712,23.087914813744,80.2316533899433,2415.0,19.0,1710.0,False,GP_000080
142721,Chargaon Kala,Bijadandi,2,1646,0,1430,23.073987718568404,80.25150274766979,1646.0,0.0,1430.0,True,GP_000081
142722,Chargaon Mal,Bijadandi,3,1524,3,1269,22.93320734389424,80.150877505272,1524.0,2.0,1268.0,True,GP_000082
142723,Chhindgaon,Bijadandi,6,3522,12,3192,23.019203188136032,80.30005948832034,3520.0,11.0,3193.0,False,GP_000083
142724,Deori,Bijadandi,4,2216,52,1824,22.997588107925782,80.01713774369684,2217.0,53.0,1822.0,False,GP_000084
142725,Dhanwahi,Bijadandi,2,1940,12,1586,22.96131173444317,80.18609745327551,1941.0,11.0,1586.0,False,GP_000085
142726,Dudua,Bijadandi,3,1566,0,1419,23.023209129998385,80.1423949199846,1567.0,0.0,1418.0,False,GP_000086
142727,Jamthar,Bijadandi,9,1008,36,792,22.85729622620537,79.99672632929799,1004.0,36.0,788.0,False,GP_000087
142728,Jamunia,Bijadandi,2,1518,20,1308,23.05934761361147,80.0836244921722,1518.0,19.0,1307.0,True,GP_000088
142729,Kalpi,Bijadandi,2,2264,50,1048,22.92934402247729,80.20367978837682,2264.0,50.0,1049.0,True,GP_000089
142730,Katungi,Bijadandi,3,1947,0,1584,22.956192084837998,80.22908520650728,1948.0,0.0,1583.0,False,GP_000090
142731,Khamherkheda,Bijadandi,4,2320,8,1912,22.975106015878215,80.14454769475623,2322.0,9.0,1911.0,False,GP_000091
142732,Khapamal,Bijadandi,7,1631,63,1456,22.908215811290628,80.00258311775207,1629.0,66.0,1456.0,False,GP_000092
142733,Lahsar,Bijadandi,4,1812,0,1576,23.055522569152743,80.20783846942301,1812.0,0.0,1574.0,True,GP_000093
142734,Lalpur,Bijadandi,2,1614,0,1508,22.84351794589736,80.0536508167953,1614.0,0.0,1509.0,True,GP_000094
142735,Lawarmudia,Bijadandi,2,1396,12,1280,22.90390237769033,80.14352447992407,1397.0,11.0,1281.0,False,GP_000095
142736,Magardha,Bijadandi,2,1630,14,1392,23.029990224952872,80.15990962621885,1630.0,14.0,1392.0,True,GP_000096
142737,Maili,Bijadandi,1,3009,448,1045,22.90419021553568,80.10701639669179,3009.0,448.0,1045.0,True,GP_000097
142738,Maniksara,Bijadandi,4,2520,52,2156,22.875193040342744,80.08892073717436,2522.0,52.0,2155.0,False,GP_000098
142739,Patha Chourai,Bijadandi,3,1404,0,1350,22.894369082790128,80.14287202413335,1404.0,0.0,1349.0,True,GP_000099
142740,Pindrai Mal,Bijadandi,4,1612,8,1432,22.86695933586556,80.0286433810319,1612.0,7.0,1434.0,True,GP_000100
142741,Piparia Khurd,Bijadandi,3,2058,0,1806,22.980895533915994,80.06855016982934,2057.0,0.0,1807.0,False,GP_000101
142742,Ponia Mal,Bijadandi,3,2028,3,1743,23.048628088000697,80.24583799111849,2028.0,3.0,1744.0,True,GP_000102
142743,Poudi Mal,Bijadandi,4,3240,72,2872,22.959193730302243,80.2631089543577,3239.0,74.0,2873.0,False,GP_000103
142744,Ramtila,Bijadandi,2,1428,0,1224,22.950719775113576,80.12112381383969,1428.0,0.0,1224.0,True,GP_000104
142745,Samnapur,Bijadandi,5,1730,5,1570,22.987800968842343,80.09583219954128,1728.0,7.0,1570.0,False,GP_000105
142746,Sangwa,Bijadandi,4,1320,28,792,22.826770980266677,80.03370608947064,1318.0,28.0,790.0,False,GP_000106
142747,Tarwani,Bijadandi,2,1518,16,1420,23.049882634595285,80.11074288683838,1518.0,17.0,1421.0,True,GP_000107
142748,Tikaria,Bijadandi,6,2238,0,2136,22.999697641761312,80.04538004439677,2239.0,2.0,2133.0,False,GP_000108
142749,Udaypur,Bijadandi,1,1886,92,937,23.039934959312507,80.09380999619061,1886.0,92.0,937.0,True,GP_000109
142750,Vijaypur,Bijadandi,5,2375,5,1910,22.924743777207464,80.11425168090999,2377.0,5.0,1910.0,False,GP_000110
142751,Bamhani,Ghughri,1,1882,251,1013,22.789079009376085,80.2947393049297,1882.0,251.0,1013.0,True,GP_000111
142752,Banehri,Ghughri,1,1801,36,1488,22.61961268941721,80.67992231659244,1801.0,36.0,1488.0,True,GP_000112
142753,Baniya,Ghughri,2,2438,28,1848,22.771550216527324,80.75340082204922,2438.0,28.0,1849.0,True,GP_000113
142754,Barwani,Ghughri,3,1698,15,1455,22.71259869225963,80.77890494480025,1697.0,15.0,1455.0,False,GP_000114
142755,Bhaiswahi,Ghughri,1,1641,0,1608,22.74742415854601,80.81219428038892,1641.0,0.0,1608.0,True,GP_000115
142756,Bilgaon,Ghughri,3,3837,42,1746,22.613024198816177,80.58214124257438,3838.0,43.0,1745.0,False,GP_000116
142757,Chalani,Ghughri,1,1655,1,1292,22.72444388900684,80.77094640101961,1655.0,1.0,1292.0,True,GP_000117
142758,Chhatar Pur,Ghughri,2,2864,36,2040,22.653988698340733,80.62953489212428,2865.0,37.0,2041.0,False,GP_000118
142759,Chhiwlatoal,Ghughri,3,2793,0,2211,22.717575539376853,80.68610041198022,2792.0,0.0,2212.0,False,GP_000119
142760,Chouba,Ghughri,1,1614,0,1378,22.76401117573527,80.79214463904313,1614.0,0.0,1378.0,True,GP_000120
142761,Churiya,Ghughri,2,2568,20,2232,22.71929790857409,80.81555642920357,2568.0,20.0,2233.0,True,GP_000121
142762,Denko,Ghughri,2,1810,148,188,22.501957006681213,80.34182072469218,1810.0,149.0,188.0,True,GP_000122
142763,Devhara,Ghughri,2,2492,0,2012,22.71031132546344,80.90994871903372,2493.0,0.0,2011.0,False,GP_000123
142764,Dongarmandla,Ghughri,3,2316,30,2091,22.617891575382277,80.59799733346404,2315.0,31.0,2091.0,False,GP_000124
142765,Duladar,Ghughri,2,1970,0,1890,22.8200818882603,80.84809829272582,1970.0,0.0,1890.0,True,GP_000125
142766,Dundadeh,Ghughri,2,1600,16,1008,22.61318089774152,80.84301097047361,1600.0,15.0,1009.0,True,GP_000126
142767,Gajraj,Ghughri,2,1720,34,1482,22.63004771596053,80.64955760000916,1719.0,34.0,1482.0,False,GP_000127
142768,Garaiyapand,Ghughri,1,1106,0,1008,22.711883197853407,80.71551184172134,1106.0,0.0,1008.0,True,GP_000128
142769,Ghorghat,Ghughri,4,2396,0,1820,22.67680288539245,80.85210849732799,2396.0,1.0,1821.0,True,GP_000129
142770,Ghughari,Ghughri,2,4516,440,1596,22.65290262878821,80.69884827911373,4517.0,440.0,1596.0,False,GP_000130
142771,Imalitola,Ghughri,4,2752,36,1564,22.57125768890161,80.74618675708612,2751.0,35.0,1563.0,False,GP_000131
142772,Junwani,Ghughri,3,2391,0,2037,22.57202849160174,80.66825872365114,2392.0,0.0,2038.0,False,GP_000132
142773,Kachnari,Ghughri,2,1812,0,1334,22.765458510148594,80.84384093215489,1811.0,0.0,1334.0,False,GP_000133
142774,Khajri,Ghughri,2,2256,116,1932,22.598826919238217,80.67446866409207,2256.0,117.0,1933.0,True,GP_000134
142775,Khamariya,Ghughri,2,1626,8,1296,22.69288514442009,80.73550346062162,1626.0,7.0,1297.0,True,GP_000135
142776,Khodakhudra,Ghughri,2,1760,20,1268,22.63145835163614,80.77167202867314,1761.0,20.0,1269.0,False,GP_000136
142777,Khodakhudrk (Gee),Ghughri,2,0,0,0,,,,,,,GP_000137
142778,Kisali,Ghughri,2,1576,0,1200,22.64953597966014,80.80759918221491,1576.0,0.0,1201.0,True,GP_000138
142779,Kuntidadargaon,Ghughri,2,1896,14,1520,22.6752291621252,80.83302303798591,1897.0,14.0,1521.0,False,GP_000139
142780,Kusumi,Ghughri,2,1278,14,928,22.785559607207823,80.85200551572176,1278.0,14.0,929.0,True,GP_000140
142781,Lafan,Ghughri,2,2376,4,1934,22.59843936280063,80.75588790340856,2377.0,5.0,1934.0,False,GP_000141
142782,Lato,Ghughri,2,2164,14,1614,22.650504594612624,80.73805345595073,2163.0,14.0,1614.0,False,GP_000142
142783,Manga,Ghughri,2,1338,4,1156,22.65582061139027,80.66565451994393,1338.0,5.0,1157.0,True,GP_000143
142784,Naharveli,Ghughri,1,2298,8,2121,22.61702706490064,80.71091991060882,2298.0,8.0,2121.0,True,GP_000144
142785,Naijhar,Ghughri,3,2214,0,1839,22.866782716434354,80.4818407214658,2214.0,0.0,1838.0,True,GP_000145
142786,Pandkala,Ghughri,2,2242,522,924,22.68922839061204,80.70615235050008,2242.0,522.0,924.0,True,GP_000146
142787,Paraswah,Ghughri,2,2584,4,2034,22.65691692011966,80.87794040129431,2584.0,5.0,2034.0,True,GP_000147
142788,Patan,Ghughri,2,2452,6,1692,22.66770745243016,80.7618577238264,2453.0,6.0,1691.0,False,GP_000148
142789,Ramhepur,Ghughri,2,1842,24,1306,22.60562856008772,80.60353626040767,1842.0,24.0,1306.0,True,GP_000149
142790,Sahjar,Ghughri,2,2588,0,1376,22.78635149251727,80.7234678760064,2587.0,1.0,1376.0,False,GP_000150
142791,Salwah,Ghughri,1,1873,43,843,22.69668701748333,80.8245133174043,1873.0,43.0,843.0,True,GP_000151
142792,Singhanpuri,Ghughri,3,2016,0,1764,22.73105742617007,80.86221144748477,2016.0,0.0,1765.0,True,GP_000152
142793,Surehali,Ghughri,2,2688,28,2508,22.79902613235037,80.8100041217469,2689.0,28.0,2508.0,False,GP_000153
142794,Tabalpani,Ghughri,1,1661,8,845,22.640740828591497,80.84510885377603,1661.0,8.0,845.0,True,GP_000154
142795,Tikariya,Ghughri,1,1186,30,928,22.674772384213576,80.65987871417585,1186.0,30.0,928.0,True,GP_000155
142796,Umariya,Ghughri,2,2056,30,1492,22.622393087555867,80.79941720194672,2056.0,30.0,1492.0,True,GP_000156
142797,Ahmadpur,Mandla,2,1780,0,1384,22.718432804113174,80.3202298333394,1781.0,0.0,1385.0,False,GP_000157
142798,Amanala,Mandla,1,2036,130,1431,22.586942049966435,80.41246683195428,2036.0,130.0,1431.0,True,GP_000158
142799,Badar,Mandla,4,2064,12,1768,22.586779847150485,80.25507501494577,2064.0,11.0,1769.0,True,GP_000159
142800,Badi Khairi,Mandla,1,0,0,0,,,,,,,GP_000160
142801,Bakchheradona,Mandla,1,1477,4,1007,22.65059356212813,80.47737379011097,1477.0,4.0,1007.0,True,GP_000161
142802,Bakchheragondi,Mandla,4,1908,0,1560,22.732851547413794,80.37020958247602,1907.0,0.0,1560.0,False,GP_000162
142803,Bakori,Mandla,1,1537,362,479,22.700289736140675,80.38670245496411,1537.0,362.0,479.0,True,GP_000163
142804,Baniatara,Mandla,3,1371,0,1272,22.656576781324013,80.41616905730137,1372.0,0.0,1272.0,False,GP_000164
142805,Barbaspur,Mandla,3,1452,18,1107,22.59161085278238,80.43521162745579,1451.0,19.0,1108.0,False,GP_000165
142806,Barganwa,Mandla,2,1344,78,156,22.5448507817072,80.45657210827854,1344.0,78.0,155.0,True,GP_000166
142807,Behunga,Mandla,2,1564,0,1472,22.52978039298588,80.32284355091414,1565.0,0.0,1472.0,False,GP_000167
142808,Bhanwarda,Mandla,2,1588,24,190,22.517188393551997,80.33745630351504,1589.0,25.0,190.0,False,GP_000168
142809,Bhapsa,Mandla,2,2564,56,96,22.52827852288642,80.42911557982302,2565.0,56.0,96.0,False,GP_000169
142810,Binaika,Mandla,1,4228,103,982,22.620829583019248,80.4150599541266,4228.0,103.0,982.0,True,GP_000170
142811,Binjhia,Mandla,1,0,0,0,,,,,,,GP_000171
142812,Boria,Mandla,2,1568,56,1094,22.468961521718107,80.30772978498904,1569.0,57.0,1094.0,False,GP_000172
142813,Chatuamar,Mandla,3,1671,6,1173,22.64717238309614,80.3633071716389,1672.0,5.0,1173.0,False,GP_000173
142814,Chhapari Silpuri,Mandla,3,1461,9,1344,22.636736461127388,80.48917760151473,1460.0,8.0,1343.0,False,GP_000174
142815,Denko,Mandla,1,1810,149,188,22.501957006681213,80.34182072469218,1810.0,149.0,188.0,True,GP_000175
142816,Deodara,Mandla,1,0,0,0,,,,,,,GP_000176
142817,Deogaon,Mandla,1,1687,80,173,22.528446240236438,80.39276836632347,1687.0,80.0,173.0,True,GP_000177
142818,Dhourgaon,Mandla,1,1362,61,16,22.52597040634068,80.37631452501802,1362.0,61.0,16.0,True,GP_000178
142819,Ghagha,Mandla,2,1532,16,972,22.69287892748339,80.31377650516691,1532.0,17.0,973.0,True,GP_000179
142820,Ghughara,Mandla,2,1546,80,216,22.55153980517595,80.45826374079414,1546.0,80.0,215.0,True,GP_000180
142821,Gounjhi Mal,Mandla,2,1348,0,804,22.63701411541746,80.34671148379763,1347.0,0.0,803.0,False,GP_000181
142822,Guda Anjania,Mandla,2,1956,0,1050,22.573536648595784,80.46505894336353,1956.0,0.0,1050.0,True,GP_000182
142823,Gurarkheda,Mandla,2,1882,0,1168,22.56304907172584,80.4924892385459,1882.0,0.0,1169.0,True,GP_000183
142824,Gwara,Mandla,1,2667,107,492,22.492218870935996,80.30012956111439,2667.0,107.0,492.0,True,GP_000184
142825,Gwari,Mandla,2,1692,18,854,22.69854883396384,80.31301411329972,1692.0,18.0,854.0,True,GP_000185
142826,Hirdenagar,Mandla,2,3696,344,908,22.547203902880536,80.42153673958511,3697.0,343.0,907.0,False,GP_000186
142827,Imligohan,Mandla,4,2176,0,1680,22.614677617119607,80.33418615370879,2177.0,1.0,1680.0,False,GP_000187
142828,Jantipur,Mandla,1,2197,8,1141,22.624903175927656,80.40893975962358,2197.0,8.0,1141.0,True,GP_000188
142829,Jargi,Mandla,2,1892,20,1476,22.598581090056875,80.22406498221876,1892.0,21.0,1475.0,True,GP_000189
142830,Jhalpani,Mandla,3,1251,18,1128,22.709517716564235,80.4718994734453,1252.0,18.0,1128.0,False,GP_000190
142831,Kaorgaon,Mandla,2,2208,38,50,22.55818680256201,80.39218310904376,2207.0,38.0,50.0,False,GP_000191
142832,Katra,Mandla,1,2311,321,441,22.57123676480504,80.37728295881409,2311.0,321.0,441.0,True,GP_000192
142833,Keharpur,Mandla,1,2187,194,1033,22.584897942526,80.31843339908131,2187.0,194.0,1033.0,True,GP_000193
142834,Khaddewra,Mandla,2,1996,62,226,22.55318226382317,80.42893499684763,1996.0,62.0,226.0,True,GP_000194
142835,Khapakala,Mandla,3,1140,0,966,22.6072783624563,80.32886686146172,1141.0,1.0,967.0,False,GP_000195
142836,Khari,Mandla,4,1784,0,1552,22.705155410126945,80.41149802251081,1786.0,0.0,1550.0,False,GP_000196
142837,Khudia,Mandla,2,1478,0,1228,22.56346681280369,80.41933232257193,1478.0,0.0,1229.0,True,GP_000197
142838,Khuksar,Mandla,4,1992,32,1820,22.682438668066645,80.37734510444167,1990.0,31.0,1819.0,False,GP_000198
142839,Khursipar,Mandla,3,1851,6,1674,22.6374881551723,80.222690919526,1850.0,6.0,1674.0,False,GP_000199
142840,Kindri,Mandla,2,1576,8,1138,22.63600364534813,80.47541623081142,1576.0,8.0,1138.0,True,GP_000200
142841,Limarua,Mandla,1,2466,89,180,22.5054451110628,80.30634303306141,2466.0,89.0,180.0,True,GP_000201
142842,Linga Mal,Mandla,1,1362,735,445,22.718284219924573,80.49772488763331,1362.0,735.0,445.0,True,GP_000202
142843,Madhupuri,Mandla,1,2276,126,259,22.56332595023459,80.45661332641541,2276.0,126.0,259.0,True,GP_000203
142844,Malara,Mandla,2,2472,8,2172,22.54959462713805,80.28973743702556,2472.0,7.0,2173.0,True,GP_000204
142845,Malari Chak,Mandla,3,2196,24,861,22.566975532712927,80.33311688891982,2197.0,23.0,860.0,False,GP_000205
142846,Malimohgaon,Mandla,2,2636,6,1854,22.61565928657429,80.35564937012735,2635.0,6.0,1854.0,False,GP_000206
142847,Manadai,Mandla,2,1898,24,1248,22.62458619630405,80.33371080798526,1898.0,24.0,1249.0,True,GP_000207
142848,Mawaijar,Mandla,2,1684,12,1624,22.65240488410585,80.44838623058772,1684.0,13.0,1624.0,True,GP_000208
142849,Mohania Patpara,Mandla,1,2173,1,1144,22.676773755321108,80.4883539223742,2173.0,1.0,1144.0,True,GP_000209
142850,Mohgaon Chak,Mandla,3,1446,255,618,22.714068594318093,80.51079613417934,1446.0,256.0,617.0,True,GP_000210
142851,Narendragarh,Mandla,3,1365,6,1164,22.68824251921852,80.46710680310315,1364.0,7.0,1164.0,False,GP_000211
142852,Oaghatkhapri,Mandla,2,1402,16,236,22.549842990069763,80.44057309229474,1402.0,16.0,236.0,True,GP_000212
142853,Padmi,Mandla,4,2752,384,768,22.5361229703825,80.40855001673049,2752.0,385.0,766.0,True,GP_000213
142854,Patparsingarpur,Mandla,5,2500,0,2160,22.712111666198936,80.42992044550161,2501.0,0.0,2161.0,False,GP_000214
142855,Patpra Rai,Mandla,4,2028,24,1440,22.59290878995277,80.46384763755664,2028.0,25.0,1440.0,True,GP_000215
142856,Petegaon,Mandla,1,1848,40,22,22.557213454852352,80.3514289885863,1848.0,40.0,22.0,True,GP_000216
142857,Phoolsagar,Mandla,3,1383,3,903,22.681435317407654,80.35176056660953,1383.0,4.0,902.0,True,GP_000217
142858,Piparpani,Mandla,2,1584,184,28,22.701898656202594,80.42845447293386,1584.0,183.0,28.0,True,GP_000218
142859,Poudi Maharajpur,Mandla,1,1850,52,100,22.5380118447594,80.35723587708527,1850.0,52.0,100.0,True,GP_000219
142860,Poudi Mal,Mandla,3,3240,75,2874,22.959193730302243,80.2631089543577,3239.0,74.0,2873.0,False,GP_000220
142861,Purwa,Mandla,2,2366,328,166,22.55087407229385,80.37177460519256,2366.0,327.0,166.0,True,GP_000221
142862,Sagar,Mandla,1,1736,133,695,22.69879935441018,80.363234959103,1736.0,133.0,695.0,True,GP_000222
142863,Sakwah,Mandla,2,2768,0,10,22.57957762958476,80.39295269891507,2767.0,1.0,10.0,False,GP_000223
142864,Salhedanda,Mandla,3,1740,0,1698,22.70651611576268,80.27295234191621,1741.0,0.0,1697.0,False,GP_000224
142865,Semarkhapa,Mandla,2,3078,122,1212,22.643412367703725,80.38471305579203,3078.0,122.0,1213.0,True,GP_000225
142866,Silagi,Mandla,4,3864,336,1620,22.49660551840733,80.38326337677078,3864.0,335.0,1621.0,True,GP_000226
142867,Silpara,Mandla,3,2037,3,1755,22.648254573172306,80.30522798137774,2038.0,2.0,1755.0,False,GP_000227
142868,Singarpur,Mandla,3,1881,3,1725,22.740535290929945,80.46330452157385,1882.0,3.0,1725.0,False,GP_000228
142869,Subharia,Mandla,2,1900,46,1274,22.524550181368188,80.27073772061115,1899.0,46.0,1274.0,False,GP_000229
142870,Suktara,Mandla,2,1520,76,356,22.53016926130298,80.45036788249611,1519.0,76.0,356.0,False,GP_000230
142871,Sunhera Mal,Mandla,2,1286,20,1158,22.481387304265144,80.33909928362444,1286.0,21.0,1158.0,True,GP_000231
142872,Tharka,Mandla,1,1736,82,252,22.518967448996783,80.36491398319788,1736.0,82.0,252.0,True,GP_000232
142873,Tikaria,Mandla,4,2240,0,2132,22.999697641761312,80.04538004439677,2239.0,2.0,2133.0,False,GP_000233
142874,Tikarwara,Mandla,1,1316,154,116,22.5345123805348,80.38027793831401,1316.0,154.0,116.0,True,GP_000234
142875,Tilaipani,Mandla,3,1437,0,885,22.616255576862734,80.46293920674654,1436.0,0.0,885.0,False,GP_000235
142876,Tindani,Mandla,3,1566,90,1122,22.6739756545991,80.35549611835881,1567.0,90.0,1122.0,False,GP_000236
142877,Umaria,Mandla,4,1928,8,1428,22.72216813662809,80.39760883911187,1930.0,7.0,1429.0,False,GP_000237
142878,Amwar,Mawai,6,1800,12,1716,22.458518003086773,81.10675983285297,1797.0,12.0,1716.0,False,GP_000238
142879,Anjani,Mawai,3,2217,0,1707,22.51730742731804,80.92796807398385,2217.0,0.0,1707.0,True,GP_000239
142880,Ataria,Mawai,6,2562,0,2292,22.5653084236544,81.0466315288837,2564.0,0.0,2291.0,False,GP_000240
142881,Bandarbadi Vangram,Mawai,2,3308,0,3072,22.30950692230082,80.98824566014191,3309.0,0.0,3072.0,False,GP_000241
142882,Barai,Mawai,3,1956,24,1515,22.55065292369158,80.77979970061517,1955.0,25.0,1515.0,False,GP_000242
142883,Basani,Mawai,3,2028,3,1878,22.42618606618336,81.0491711063173,2028.0,2.0,1878.0,True,GP_000243
142884,Bhada,Mawai,3,2319,3,1896,22.484003817040783,80.85237699351399,2318.0,2.0,1895.0,False,GP_000244
142885,Bhanpur,Mawai,1,2004,18,1517,22.597069827909905,80.90848240150463,2004.0,18.0,1517.0,True,GP_000245
142886,Bhimdongri Rayat,Mawai,1,1883,50,928,22.29057414154251,80.9753609107118,1883.0,50.0,928.0,True,GP_000246
142887,Bhimouri Vangram,Mawai,2,916,0,852,22.30639727598283,81.09302804708568,915.0,0.0,851.0,False,GP_000247
142888,Bija,Mawai,2,2072,6,984,22.53235413491304,80.76491478413338,2072.0,6.0,984.0,True,GP_000248
142889,Chandgaon,Mawai,3,2127,0,1704,22.296277357485163,80.92924511659568,2126.0,0.0,1703.0,False,GP_000249
142890,Chandwara Rayat,Mawai,4,1320,0,1084,22.515443681684125,80.89664070427679,1319.0,0.0,1085.0,False,GP_000250
142891,Chhapartala,Mawai,2,1566,112,892,22.449850967161613,80.83294255169542,1566.0,111.0,893.0,True,GP_000251
142892,Dadi,Mawai,2,1582,4,532,22.582682711559883,80.87566272888154,1582.0,3.0,531.0,True,GP_000252
142893,Devridadar,Mawai,3,2547,9,1899,22.521305571977877,80.94797226456299,2548.0,8.0,1900.0,False,GP_000253
142894,Dhangaon Mal,Mawai,6,2196,0,1752,22.49447489285765,80.82990488024046,2196.0,0.0,1750.0,True,GP_000254
142895,Ghonta,Mawai,4,2684,16,1736,22.430073901361776,80.84428046935345,2684.0,15.0,1734.0,True,GP_000255
142896,Ghutas,Mawai,2,1748,124,776,22.519229942849307,80.80829559675155,1748.0,123.0,775.0,True,GP_000256
142897,Harratola Vangram,Mawai,2,1912,2,1548,22.29466455087236,81.05439875661013,1911.0,2.0,1548.0,False,GP_000257
142898,Indri Rayat,Mawai,3,2238,207,1680,22.306148678600277,80.95689963386872,2239.0,206.0,1680.0,False,GP_000258
142899,Jamgaon,Mawai,4,1636,0,1508,22.462312820030977,80.9202571048978,1637.0,1.0,1507.0,False,GP_000259
142900,Kewlarikala,Mawai,3,2076,3,1695,22.487883346338343,80.82042679811374,2077.0,2.0,1694.0,False,GP_000260
142901,Khaloudi Mal,Mawai,3,2019,27,1068,22.319273952214377,80.92492690310449,2020.0,28.0,1068.0,False,GP_000261
142902,Kolamgahan,Mawai,3,2517,9,2007,22.551600465140396,80.91439728325724,2516.0,8.0,2006.0,False,GP_000262
142903,Kumhani,Mawai,1,1500,0,1150,22.609531978145167,80.88094782299869,1500.0,0.0,1150.0,True,GP_000263
142904,Lalpur,Mawai,3,1614,0,1509,22.84351794589736,80.0536508167953,1614.0,0.0,1509.0,True,GP_000264
142905,Madafa Mal,Mawai,4,1976,0,1776,22.5349734535474,81.15007549593908,1978.0,0.0,1774.0,False,GP_000265
142906,Majhgaon,Mawai,3,1347,90,669,23.057705878303747,80.50212521386376,1348.0,91.0,669.0,False,GP_000266
142907,Manori Vangram,Mawai,3,1263,15,975,22.28178952279096,81.02338614512968,1262.0,16.0,975.0,False,GP_000267
142908,Mawai,Mawai,3,3204,105,1272,22.49190439775852,81.07147434356423,3203.0,106.0,1271.0,False,GP_000268
142909,Medha,Mawai,3,1776,33,1176,22.43477286765249,80.90537568648084,1776.0,33.0,1177.0,True,GP_000269
142910,Mohgaon Rayat,Mawai,2,2556,0,1880,22.757379806934185,80.59615872178522,2557.0,0.0,1881.0,False,GP_000270
142911,Motinala,Mawai,2,1668,32,864,22.35041641448298,80.89820086559347,1669.0,32.0,864.0,False,GP_000271
142912,Mudiyarichka,Mawai,2,1624,16,1444,22.53163316126702,80.81911520422076,1625.0,15.0,1444.0,False,GP_000272
142913,Nandram,Mawai,3,2397,6,2124,22.544231302331497,80.8068185285659,2397.0,7.0,2125.0,True,GP_000273
142914,Narharganj,Mawai,3,1569,51,1335,22.3850558011747,80.94085397627138,1570.0,52.0,1335.0,False,GP_000274
142915,Nevsa,Mawai,2,1348,10,1204,22.353444947094555,80.93921017720517,1347.0,10.0,1204.0,False,GP_000275
142916,Pakhwar,Mawai,4,2168,0,1904,22.451888916678318,81.05696701867612,2169.0,0.0,1905.0,False,GP_000276
142917,Parsatola,Mawai,2,2056,0,1588,22.51625401513014,80.97100129372554,2055.0,1.0,1589.0,False,GP_000277
142918,Parsel,Mawai,3,1599,15,1311,22.406006021682572,80.92748393340915,1598.0,14.0,1312.0,False,GP_000278
142919,Pipri Mal,Mawai,2,1892,16,1552,22.509403154662063,80.85294339494658,1893.0,15.0,1553.0,False,GP_000279
142920,Pipri Rayat,Mawai,3,1806,0,1389,22.530949506447364,80.86548802930126,1806.0,0.0,1389.0,True,GP_000280
142921,Poudi Baharmunda,Mawai,1,1823,6,1680,22.44410179088029,81.01239633707793,1823.0,6.0,1680.0,True,GP_000281
142922,Sahajpuri,Mawai,2,1568,0,1184,22.551864403678348,80.82910107985025,1568.0,0.0,1183.0,True,GP_000282
142923,Sakwah,Mawai,2,2768,0,10,22.57957762958476,80.39295269891507,2767.0,1.0,10.0,False,GP_000283
142924,Samnapur,Mawai,2,1728,8,1570,22.987800968842343,80.09583219954128,1728.0,7.0,1570.0,True,GP_000284
142925,Sarasdoli,Mawai,4,2212,8,1888,22.51161212227364,81.09842908120946,2212.0,8.0,1889.0,True,GP_000285
142926,Singhouri,Mawai,3,1536,54,1380,22.511790449257848,80.77894138838377,1537.0,53.0,1381.0,False,GP_000286
142927,Sodha,Mawai,4,1604,0,1204,22.56981575016756,81.0907966780789,1603.0,0.0,1204.0,False,GP_000287
142928,Surajpura,Mawai,2,1168,0,716,22.43422340294463,80.94849862014833,1167.0,1.0,715.0,False,GP_000288
142929,Tikariya,Mawai,3,1185,30,927,22.674772384213576,80.65987871417585,1186.0,30.0,928.0,False,GP_000289
142930,Andiya Mal,Mohgaon,2,1580,12,1052,22.83373614648882,80.72188564331569,1580.0,13.0,1053.0,True,GP_000290
142931,Badjhar,Mohgaon,3,2541,3,2025,22.84241495674341,80.51836520364729,2542.0,4.0,2026.0,False,GP_000291
142932,Bilgada Mal,Mohgaon,3,1707,24,1287,22.79822238372675,80.48049541709274,1706.0,24.0,1286.0,False,GP_000292
142933,Bilgaon,Mohgaon,2,3838,44,1744,22.613024198816177,80.58214124257438,3838.0,43.0,1745.0,True,GP_000293
142934,Bodasilli,Mohgaon,2,1620,0,1554,22.73596674116197,80.61227640049874,1620.0,1.0,1554.0,True,GP_000294
142935,Chabi,Mohgaon,3,3834,129,1443,22.80899357981755,80.70809583130499,3835.0,128.0,1442.0,False,GP_000295
142936,Chandwara,Mohgaon,4,2144,4,904,22.66275302179911,80.49770208617633,2143.0,4.0,906.0,False,GP_000296
142937,Chubhawal,Mohgaon,4,1644,0,1512,22.83871990325196,80.572412184538,1645.0,0.0,1512.0,False,GP_000297
142938,Chuogan,Mohgaon,3,2733,0,2460,22.632294403826563,80.52947367525492,2732.0,0.0,2460.0,False,GP_000298
142939,Devgaon,Mohgaon,2,2240,722,662,22.73602085450156,80.5137176551529,2240.0,722.0,662.0,True,GP_000299
142940,Dhangaon,Mohgaon,3,1812,12,1476,22.818128604332497,80.46705344150736,1811.0,12.0,1476.0,False,GP_000300
142941,Gitar Malpahri,Mohgaon,2,2012,6,576,22.77262603237513,80.63480973802304,2012.0,6.0,575.0,True,GP_000301
142942,Githar,Mohgaon,2,1400,0,344,22.75944941745159,80.64908585338999,1400.0,0.0,344.0,True,GP_000302
142943,Haratikur,Mohgaon,2,1498,0,1332,22.67098261473076,80.55410687094444,1498.0,1.0,1331.0,True,GP_000303
142944,Jhhurgi Poudi,Mohgaon,2,2482,272,1308,22.7869511596846,80.65839548561664,2482.0,271.0,1309.0,True,GP_000304
142945,Karegaon,Mohgaon,1,1206,13,620,22.791489236918792,80.68439731261846,1206.0,13.0,620.0,True,GP_000305
142946,Khairy Mal,Mohgaon,2,1616,694,560,22.810081697489583,80.67292399540774,1615.0,694.0,561.0,False,GP_000306
142947,Khalegitori,Mohgaon,2,1654,26,1000,22.81873774931184,80.63961128758353,1654.0,26.0,1001.0,True,GP_000307
142948,Khisi,Mohgaon,2,1894,16,1568,22.842486767545605,80.59717839494118,1894.0,17.0,1567.0,True,GP_000308
142949,Kouadongri,Mohgaon,4,2764,16,2512,22.76293740370683,80.48900342424275,2763.0,18.0,2514.0,False,GP_000309
142950,Kudhopani,Mohgaon,2,1352,0,1236,22.658630781601776,80.57253274581443,1351.0,0.0,1235.0,False,GP_000310
142951,Kumhara,Mohgaon,3,1788,6,1539,22.70890319494292,80.64669343059091,1788.0,5.0,1538.0,True,GP_000311
142952,Machala,Mohgaon,2,1470,0,1348,22.672090004883422,80.57866314865753,1470.0,0.0,1349.0,True,GP_000312
142953,Malvathar,Mohgaon,1,1348,66,867,22.682454808017543,80.62572615734882,1348.0,66.0,867.0,True,GP_000313
142954,Mohgaon Mal,Mohgaon,1,3093,199,544,22.761114808418952,80.61283107947922,3093.0,199.0,544.0,True,GP_000314
142955,Mohgaon Rayat,Mohgaon,4,2556,0,1880,22.757379806934185,80.59615872178522,2557.0,0.0,1881.0,False,GP_000315
142956,Mungwani,Mohgaon,2,2966,16,2554,22.738524062235733,80.65014846742467,2966.0,15.0,2554.0,True,GP_000316
142957,Munu,Mohgaon,2,1972,128,270,22.61963400034435,80.54127500331967,1972.0,127.0,270.0,True,GP_000317
142958,Nidhani,Mohgaon,2,1536,0,1140,22.687941737562248,80.52693386809304,1537.0,1.0,1139.0,False,GP_000318
142959,Palehara,Mohgaon,2,1900,8,1560,22.656590563479902,80.53151474364844,1900.0,8.0,1561.0,True,GP_000319
142960,Pipardara,Mohgaon,3,2235,24,1800,22.71649292204136,80.5937152754286,2234.0,23.0,1800.0,False,GP_000320
142961,Pipariya Rayat,Mohgaon,2,2196,68,1376,22.707436624644902,80.55414745732446,2196.0,69.0,1375.0,True,GP_000321
142962,Raygaon,Mohgaon,3,2307,63,1470,22.746017294005387,80.56357914222579,2307.0,63.0,1471.0,True,GP_000322
142963,Singarpur,Mohgaon,3,1881,3,1725,22.740535290929945,80.46330452157385,1882.0,3.0,1725.0,False,GP_000323
142964,Sudgaon,Mohgaon,2,2744,14,2388,22.751290947281955,80.53212021836671,2744.0,14.0,2389.0,True,GP_000324
142965,Tobha,Mohgaon,1,1743,118,1059,22.76294820914885,80.68224116328908,1743.0,118.0,1059.0,True,GP_000325
142966,Umardeeh,Mohgaon,2,1266,12,912,22.79644921563663,80.61703382302484,1266.0,12.0,911.0,True,GP_000326
142967,Umaria,Mohgaon,2,1930,8,1428,22.72216813662809,80.39760883911187,1930.0,7.0,1429.0,True,GP_000327
142968,Alipur,Nainpur,2,1252,170,416,22.421592944293625,80.16551963772167,1253.0,170.0,416.0,False,GP_000328
142969,Amjhar Mal,Nainpur,3,1188,3,837,22.43759711278482,80.3223485845674,1187.0,2.0,838.0,False,GP_000329
142970,Ataria,Nainpur,5,2565,0,2290,22.5653084236544,81.0466315288837,2564.0,0.0,2291.0,False,GP_000330
142971,Barbaspur,Nainpur,2,1452,20,1108,22.59161085278238,80.43521162745579,1451.0,19.0,1108.0,False,GP_000331
142972,Bargi,Nainpur,1,1080,40,848,22.35200972110096,80.41057362340679,1080.0,40.0,848.0,True,GP_000332
142973,Beejegaon,Nainpur,4,1468,24,972,22.87731792228707,80.30664359852737,1468.0,25.0,972.0,True,GP_000333
142974,Bhadia,Nainpur,1,1396,116,872,22.42313579041261,80.38793215470685,1396.0,116.0,872.0,True,GP_000334
142975,Bhainswahi,Nainpur,3,2013,6,1836,22.97087073342989,80.29584187306072,2013.0,6.0,1836.0,True,GP_000335
142976,Bhaliwada,Nainpur,3,1539,0,1242,22.402371664879954,80.2435879230949,1540.0,0.0,1241.0,False,GP_000336
142977,Bharbheli,Nainpur,3,1812,210,915,22.55564757433793,80.01220495572282,1813.0,211.0,916.0,False,GP_000337
142978,Bori Pipardahi,Nainpur,2,1484,82,524,22.395931436609608,80.18114683097474,1483.0,82.0,524.0,False,GP_000338
142979,Chamarwahi,Nainpur,3,2001,27,1557,22.38815023291907,80.22536154202197,2001.0,26.0,1556.0,True,GP_000339
142980,Chandia Jar,Nainpur,4,1660,12,1220,22.38164946532387,80.3387633700583,1661.0,11.0,1220.0,False,GP_000340
142981,Chhatarwada,Nainpur,3,1926,222,1605,22.499816767926816,80.09413590414276,1926.0,221.0,1605.0,True,GP_000341
142982,Chichgaon,Nainpur,3,1395,9,717,22.385075809191296,80.20563927513064,1395.0,8.0,717.0,True,GP_000342
142983,Chichouli,Nainpur,3,2091,126,1674,22.55146876634871,80.16122166194431,2092.0,125.0,1674.0,False,GP_000343
142984,Chiraidongari,Nainpur,2,1536,22,1020,22.75469866689336,80.30005363085877,1536.0,22.0,1021.0,True,GP_000344
142985,Delha,Nainpur,1,1420,26,579,22.444770051105618,80.18665997359199,1420.0,26.0,579.0,True,GP_000345
142986,Dhanpuri Mal,Nainpur,1,1348,19,1012,22.41338317661506,80.33494394912745,1348.0,19.0,1012.0,True,GP_000346
142987,Dhanpuri Rai,Nainpur,2,1464,156,902,22.412219947973057,80.31713271260456,1465.0,156.0,902.0,False,GP_000347
142988,Dhatura,Nainpur,1,1117,43,151,22.42959899454583,80.14868134274425,1117.0,43.0,151.0,True,GP_000348
142989,Dithori,Nainpur,2,1510,104,742,22.517508147220617,80.21665942541277,1510.0,103.0,742.0,True,GP_000349
142990,Ghateri,Nainpur,2,1752,0,978,22.433741420253288,80.24815760692125,1752.0,0.0,978.0,True,GP_000350
142991,Ghurwada,Nainpur,2,1474,0,1140,22.58899413986495,80.17656987529227,1474.0,0.0,1141.0,True,GP_000351
142992,Gounjhi,Nainpur,1,1224,3,641,22.398981090172636,80.15032275108148,1224.0,3.0,641.0,True,GP_000352
142993,Gourachhapar,Nainpur,2,2792,208,2448,22.472380154369212,80.18132977287408,2791.0,209.0,2447.0,False,GP_000353
142994,Hirapur,Nainpur,2,2016,36,252,22.459451069222865,80.12611474409245,2015.0,35.0,252.0,False,GP_000354
142995,Indari,Nainpur,2,2996,42,956,22.407321733625626,80.3588869294269,2997.0,42.0,956.0,False,GP_000355
142996,Ishwarpur,Nainpur,2,1224,12,432,22.432318536517048,80.21006764035205,1225.0,11.0,431.0,False,GP_000356
142997,Jaharmau,Nainpur,3,2172,21,693,22.444736619615757,80.36600027531877,2172.0,20.0,694.0,True,GP_000357
142998,Jaidepur,Nainpur,2,2802,168,1520,22.399539934555627,80.1699602077452,2802.0,168.0,1520.0,True,GP_000358
142999,Jaltara,Nainpur,3,1800,18,1548,22.550285274580688,80.10054320813276,1801.0,18.0,1547.0,False,GP_000359
143000,Jamgaon,Nainpur,1,1637,1,1507,22.462312820030977,80.9202571048978,1637.0,1.0,1507.0,True,GP_000360
143001,Jewnara,Nainpur,4,2452,144,1008,22.460373046296567,80.0937127536336,2453.0,144.0,1010.0,False,GP_000361
143002,Jhiria,Nainpur,2,1632,4,1436,22.515208419159386,80.24677708396669,1633.0,3.0,1435.0,False,GP_000362
143003,Jhulpur,Nainpur,2,1468,8,992,22.59333778401,80.10479923830566,1468.0,8.0,992.0,True,GP_000363
143004,Kajarwada,Nainpur,3,2823,72,1995,22.43616543090238,80.33762513013895,2824.0,72.0,1995.0,False,GP_000364
143005,Kamta,Nainpur,3,1827,90,765,22.37369881599033,80.36985625256743,1826.0,90.0,766.0,False,GP_000365
143006,Kanhargaon,Nainpur,2,1512,244,368,22.537463048265263,80.13857642242904,1512.0,243.0,368.0,True,GP_000366
143007,Keregaon,Nainpur,4,1672,28,936,22.39226674001422,80.18074661997586,1672.0,28.0,934.0,True,GP_000367
143008,Khirkhiri,Nainpur,2,1872,260,574,22.51737898026108,80.07022009123875,1871.0,261.0,574.0,False,GP_000368
143009,Khohari,Nainpur,2,1276,0,1076,22.534853460990067,80.22557056319846,1277.0,0.0,1075.0,False,GP_000369
143010,Khurshipar,Nainpur,3,2532,0,2229,22.56212086370604,80.22205747664682,2531.0,0.0,2230.0,False,GP_000370
143011,Makke,Nainpur,1,1838,270,8,22.44787476056349,80.15820272095164,1838.0,270.0,8.0,True,GP_000371
143012,Maldha,Nainpur,3,1956,48,1761,22.49372424105134,80.25565303260204,1957.0,48.0,1762.0,False,GP_000372
143013,Manegaon,Nainpur,2,2090,192,1656,22.79408294726179,80.15904858699137,2090.0,192.0,1655.0,True,GP_000373
143014,Mugdara,Nainpur,2,2248,512,320,22.453439866700144,80.38285165374833,2249.0,513.0,321.0,False,GP_000374
143015,Niwari,Nainpur,1,0,0,0,,,,,,,GP_000375
143016,Ohani,Nainpur,3,1635,171,1356,22.484403920992367,80.13999691730996,1634.0,172.0,1357.0,False,GP_000376
143017,Palasundar,Nainpur,2,2696,200,1700,22.480799511930748,80.22382543790954,2695.0,200.0,1699.0,False,GP_000377
143018,Pandiwara,Nainpur,3,1128,0,732,22.35286694647277,80.29724770424016,1127.0,1.0,732.0,False,GP_000378
143019,Paraswada,Nainpur,4,1596,8,1152,22.51990026786763,80.22119048805324,1595.0,7.0,1151.0,False,GP_000379
143020,Patha Sihora,Nainpur,2,1248,68,826,22.5694376299431,80.18132097946926,1248.0,68.0,826.0,True,GP_000380
143021,Pindrai,Nainpur,1,0,0,0,,,,,,,GP_000381
143022,Piparia,Nainpur,4,2196,472,828,23.005365776696536,80.4490611174702,2197.0,473.0,829.0,False,GP_000382
143023,Potia,Nainpur,3,1230,12,1092,22.589700412782747,80.06146183748368,1231.0,13.0,1091.0,False,GP_000383
143024,Poundi,Nainpur,2,2020,516,284,22.481704318964127,80.05936560452166,2019.0,515.0,283.0,False,GP_000384
143025,Putarra,Nainpur,4,2704,72,1968,22.569727624465727,80.00850255173923,2702.0,73.0,1966.0,False,GP_000385
143026,Raiwada,Nainpur,2,2000,428,768,22.48240761900503,80.09123756815565,2001.0,428.0,769.0,False,GP_000386
143027,Ramdeori,Nainpur,2,2100,2,1874,22.59260781075163,80.14448333206703,2100.0,2.0,1874.0,True,GP_000387
143028,Ramgadi,Nainpur,2,1690,0,812,22.44989547129513,80.28152581426349,1690.0,0.0,811.0,True,GP_000388
143029,Rampuri,Nainpur,3,2382,66,1731,22.410854245879555,80.2559089303205,2383.0,65.0,1730.0,False,GP_000389
143030,Sagounia,Nainpur,2,1648,16,1184,22.49680712022485,80.19735797941213,1647.0,16.0,1183.0,False,GP_000390
143031,Sakwah,Nainpur,1,2767,1,10,22.57957762958476,80.39295269891507,2767.0,1.0,10.0,True,GP_000391
143032,Saliwada Mal,Nainpur,3,1494,219,780,22.50888466093772,80.1820986768913,1493.0,220.0,780.0,False,GP_000392
143033,Samnapur,Nainpur,2,1728,8,1570,22.987800968842343,80.09583219954128,1728.0,7.0,1570.0,True,GP_000393
143034,Sarrapiparia,Nainpur,1,1320,3,1239,22.511725525275907,80.15896744814337,1320.0,3.0,1239.0,True,GP_000394
143035,Sarri(Bichua),Nainpur,1,0,0,0,,,,,,,GP_000395
143036,Subhewada,Nainpur,2,1732,2,840,22.48522530008357,80.21764897983425,1732.0,2.0,840.0,True,GP_000396
143037,Surkhi,Nainpur,2,1552,0,1048,22.39399528196491,80.38580675506647,1551.0,0.0,1048.0,False,GP_000397
143038,Tatari,Nainpur,3,1782,18,975,22.33676256351689,80.3684916759388,1781.0,19.0,974.0,False,GP_000398
143039,Tilai,Nainpur,1,2062,68,722,22.424868935767563,80.36021678651596,2062.0,68.0,722.0,True,GP_000399
143040,Tindua Bamhani,Nainpur,3,1848,36,1167,22.605364449623256,80.1098813804178,1849.0,35.0,1166.0,False,GP_000400
143041,Tumegaon,Nainpur,3,1521,261,1128,22.527607412887345,80.10539619192203,1520.0,260.0,1129.0,False,GP_000401
143042,Amdara,Narayanganj,5,1840,10,1545,22.84764840230184,80.30795570613965,1842.0,8.0,1546.0,False,GP_000402
143043,Bablia,Narayanganj,3,1884,21,1623,22.87663566459181,80.43744690812039,1885.0,20.0,1624.0,False,GP_000403
143044,Bablia / Deori Kala,Narayanganj,1,0,0,0,,,,,,,GP_000404
143045,Bamhani,Narayanganj,3,1881,252,1014,22.789079009376085,80.2947393049297,1882.0,251.0,1013.0,False,GP_000405
143046,Banar,Narayanganj,3,2148,9,1980,22.879478404101555,80.39001383417853,2147.0,8.0,1981.0,False,GP_000406
143047,Barbati,Narayanganj,4,1760,8,1644,22.90654886163593,80.37339904946013,1761.0,8.0,1643.0,False,GP_000407
143048,Beejegaon,Narayanganj,3,1467,24,972,22.87731792228707,80.30664359852737,1468.0,25.0,972.0,False,GP_000408
143049,Bhawal,Narayanganj,3,1677,48,924,22.784595797284783,80.30420249373056,1678.0,48.0,923.0,False,GP_000409
143050,Chakdehi,Narayanganj,1,1578,25,1098,22.86982639377629,80.52405558042055,1578.0,25.0,1098.0,True,GP_000410
143051,Chandehra,Narayanganj,3,1626,87,621,22.865841436084224,80.2659829763363,1627.0,86.0,620.0,False,GP_000411
143052,Chhapra,Narayanganj,2,2162,16,1676,22.919182586365828,80.47936952628054,2162.0,15.0,1677.0,True,GP_000412
143053,Chiraidongari,Narayanganj,2,1536,22,1020,22.75469866689336,80.30005363085877,1536.0,22.0,1021.0,True,GP_000413
143054,Dalakhapa,Narayanganj,2,1736,12,932,22.936637951754854,80.38725305091586,1737.0,12.0,931.0,False,GP_000414
143055,Deohar,Narayanganj,5,2270,0,2040,22.83242747199856,80.1903293283054,2269.0,0.0,2038.0,False,GP_000415
143056,Dobhi,Narayanganj,5,2180,5,1945,22.806693034768543,80.40254072340716,2179.0,4.0,1945.0,False,GP_000416
143057,Ghontkheda,Narayanganj,3,1959,24,1470,22.82310511959486,80.12420965321834,1958.0,24.0,1469.0,False,GP_000417
143058,Gujarsani,Narayanganj,3,2499,30,2247,22.78270063530195,80.33145240709426,2499.0,30.0,2246.0,True,GP_000418
143059,Jewra,Narayanganj,3,2160,33,1212,22.92881894206469,80.42049702925182,2160.0,32.0,1213.0,True,GP_000419
143060,Jujhari,Narayanganj,3,1191,0,876,22.947268784740796,80.44627262935431,1191.0,0.0,877.0,True,GP_000420
143061,Kapa,Narayanganj,1,1430,0,1071,22.92129843770236,80.5294448963642,1430.0,0.0,1071.0,True,GP_000421
143062,Khairi,Narayanganj,2,2376,210,440,22.82859196893456,80.25496253946211,2377.0,210.0,441.0,False,GP_000422
143063,Khamharia,Narayanganj,4,2004,84,1536,22.784226445106334,80.18623025892963,2004.0,83.0,1538.0,True,GP_000423
143064,Khinha Rai.,Narayanganj,2,1728,40,1364,22.91142996956884,80.43522940425447,1727.0,39.0,1364.0,False,GP_000424
143065,Kobrikala,Narayanganj,4,1856,0,1580,22.90454978228747,80.28007782079297,1858.0,0.0,1580.0,False,GP_000425
143066,Kondra /Chouki,Narayanganj,2,0,0,0,,,,,,,GP_000426
143067,Kondra Mal,Narayanganj,4,2212,16,2012,22.73904165997571,80.31638656096777,2213.0,16.0,2013.0,False,GP_000427
143068,Kudamaili,Narayanganj,2,2160,22,1384,22.87324974763618,80.21659409755712,2161.0,22.0,1384.0,False,GP_000428
143069,Kumha,Narayanganj,2,1686,4,1056,22.80430070356962,80.26755486021312,1686.0,5.0,1056.0,True,GP_000429
143070,Kunda,Narayanganj,3,864,0,792,22.783546372937487,80.07238958557924,865.0,0.0,792.0,False,GP_000430
143071,Maili,Narayanganj,1,3009,448,1045,22.90419021553568,80.10701639669179,3009.0,448.0,1045.0,True,GP_000431
143072,Majhgaon,Narayanganj,2,1348,92,668,23.057705878303747,80.50212521386376,1348.0,91.0,669.0,True,GP_000432
143073,Malthar,Narayanganj,2,1140,0,1032,22.9521092614071,80.38933557595419,1139.0,0.0,1033.0,False,GP_000433
143074,Manegaon,Narayanganj,3,2091,192,1656,22.79408294726179,80.15904858699137,2090.0,192.0,1655.0,False,GP_000434
143075,Modogarh,Narayanganj,2,1296,4,974,22.90377729553702,80.2519884502802,1297.0,5.0,974.0,False,GP_000435
143076,Mukaskhurd,Narayanganj,3,2466,36,2265,22.907898039702022,80.4854168568031,2465.0,37.0,2266.0,False,GP_000436
143077,Naijhar,Narayanganj,5,2215,0,1840,22.866782716434354,80.4818407214658,2214.0,0.0,1838.0,False,GP_000437
143078,Padmi / Mohgaon,Narayanganj,2,0,0,0,,,,,,,GP_000438
143079,Padria / Narayanganj,Narayanganj,1,0,0,0,,,,,,,GP_000439
143080,Partala,Narayanganj,3,1464,0,930,22.82074664634997,80.31863413390379,1465.0,1.0,929.0,False,GP_000440
143081,Patehara,Narayanganj,2,1944,70,440,22.84872672418944,80.24185270041828,1945.0,70.0,440.0,False,GP_000441
143082,Patha,Narayanganj,3,1617,15,918,22.775360954947857,80.0981722392918,1617.0,15.0,918.0,True,GP_000442
143083,Phadki Mal,Narayanganj,2,1054,0,932,22.96213827347461,80.50429583822182,1054.0,0.0,931.0,True,GP_000443
143084,Pindaria Mal,Narayanganj,3,702,0,615,22.80613461850352,80.03150065880843,701.0,0.0,616.0,False,GP_000444
143085,Salaia,Narayanganj,2,1330,8,1020,22.913265114517888,80.29963780981996,1330.0,9.0,1020.0,True,GP_000445
143086,Seoni Mal,Narayanganj,2,656,0,612,22.95856384186009,80.5319116505002,657.0,0.0,612.0,False,GP_000446
143087,Shaha,Narayanganj,3,1719,3,1545,22.88913674515828,80.32738120147262,1718.0,4.0,1544.0,False,GP_000447
143088,Sikosi,Narayanganj,3,1857,0,1569,22.828579326060183,80.21847658782347,1857.0,0.0,1569.0,True,GP_000448
143089,Singoudha,Narayanganj,3,1764,30,1458,22.786689085666428,80.1293322351658,1763.0,31.0,1459.0,False,GP_000449
143090,Sukhram,Narayanganj,3,1551,9,1299,22.895789827822405,80.3552315356648,1550.0,10.0,1299.0,False,GP_000450
143092,Amgaon,Niwas,4,2264,500,300,23.08369051050542,80.46213668985088,2265.0,501.0,299.0,False,GP_000451
143093,Bamhani Mal,Niwas,2,1170,0,1072,23.03011478135776,80.51374613477657,1170.0,0.0,1072.0,True,GP_000452
143094,Bastari,Niwas,4,1984,64,1656,22.99639967737175,80.38663242042213,1982.0,62.0,1656.0,False,GP_000453
143095,Bhalwara,Niwas,3,1905,24,1626,23.108468116545083,80.36376937910237,1904.0,23.0,1625.0,False,GP_000454
143096,Bhanpur Bisoura,Niwas,4,2536,288,1304,23.11163696032529,80.47213725888759,2535.0,286.0,1305.0,False,GP_000455
143097,Bhikhampur,Niwas,2,1836,120,534,23.08331043126149,80.44283511397053,1836.0,119.0,534.0,True,GP_000456
143098,Gadra,Niwas,3,2034,24,1884,23.08094971181622,80.31398712956985,2035.0,24.0,1883.0,False,GP_000457
143100,Gundlai,Niwas,3,1902,36,942,23.087810034263903,80.40849417690704,1903.0,37.0,941.0,False,GP_000458
143101,Harisingouri Mal,Niwas,2,1556,46,1368,23.059009085765062,80.41362049524537,1557.0,46.0,1367.0,False,GP_000459
143102,Hathitara Mal,Niwas,3,1233,12,1101,23.11991973708668,80.3919085422821,1232.0,13.0,1102.0,False,GP_000460
143103,Hirnachhapar,Niwas,3,1479,3,1362,22.98218207716844,80.54324290576031,1479.0,2.0,1363.0,True,GP_000461
143104,Jangalia Rai.,Niwas,2,1694,56,1540,23.01731158157373,80.34575500290116,1694.0,55.0,1541.0,True,GP_000462
143105,Jawedha,Niwas,3,1995,18,1224,23.008141402019625,80.554211355818,1994.0,19.0,1224.0,False,GP_000463
143107,Jhurki,Niwas,1,1129,0,1080,23.12375069024167,80.22123213000803,1129.0,0.0,1080.0,True,GP_000464
143108,Jilhati,Niwas,3,2109,396,1191,23.086200394386147,80.4979121107284,2108.0,395.0,1192.0,False,GP_000465
143109,Katung Seoni,Niwas,6,1950,12,1476,23.008823514129062,80.48455870872944,1951.0,11.0,1475.0,False,GP_000466
143110,Khairani Mal,Niwas,2,1148,4,1104,23.115305655056524,80.19393607437378,1149.0,3.0,1104.0,False,GP_000467
143111,Kohani,Niwas,2,1724,4,1432,23.10106749936898,80.28400959403974,1724.0,5.0,1433.0,True,GP_000468
143112,Kohka,Niwas,5,2265,245,930,23.056525805450008,80.48242868058139,2265.0,243.0,931.0,True,GP_000469
143113,Mahra Seoni,Niwas,3,1689,84,1077,22.983948690102064,80.47830264086465,1690.0,83.0,1076.0,False,GP_000470
143114,Majhgaon,Niwas,2,1348,92,668,23.057705878303747,80.50212521386376,1348.0,91.0,669.0,True,GP_000471
143115,Maneri,Niwas,2,2880,704,864,23.10765964461085,80.24260259598776,2879.0,703.0,863.0,False,GP_000472
143116,Masurghughri,Niwas,4,1808,0,1700,23.03653022107733,80.54705969307086,1809.0,0.0,1701.0,False,GP_000473
143117,Medi,Niwas,1,1393,841,80,23.10172772297595,80.20550163168211,1393.0,841.0,80.0,True,GP_000474
143118,Mohgaon,Niwas,2,1314,54,1212,23.01293454668635,80.5057502459785,1314.0,54.0,1212.0,True,GP_000475
143119,Mohpani,Niwas,2,1808,30,1752,23.01622436417003,80.37271427852222,1807.0,30.0,1752.0,False,GP_000476
143121,Paddikona,Niwas,4,1936,0,1260,23.06361225542065,80.53300170716346,1936.0,0.0,1260.0,True,GP_000477
143123,Payali Bahur,Niwas,1,1402,3,1184,23.01898897882693,80.40961247688219,1402.0,3.0,1184.0,True,GP_000478
143124,Piparia,Niwas,2,2196,472,828,23.005365776696536,80.4490611174702,2197.0,473.0,829.0,False,GP_000479
143125,Poudi,Niwas,3,2508,522,1233,23.13122260179975,80.25363600493388,2509.0,521.0,1234.0,False,GP_000480
143126,Saraswahi Rai.,Niwas,3,1434,261,1005,22.96590313631947,80.46212453120748,1434.0,261.0,1005.0,True,GP_000481
143127,Satpahri,Niwas,4,1784,32,1560,23.13967846778008,80.40910888848978,1785.0,32.0,1559.0,False,GP_000482
143128,Singpur,Niwas,3,2025,51,1668,22.982180114293847,80.42629054977583,2025.0,50.0,1668.0,True,GP_000483
143129,Sukhari Sangrampur,Niwas,3,2013,15,1650,23.115918779626117,80.43972385797129,2013.0,15.0,1650.0,True,GP_000484
143130,Thanamgaon,Niwas,4,2432,0,2068,23.06014852393166,80.37867095557411,2431.0,0.0,2068.0,False,GP_000485
245240,Harrabhat (Nayegaon),Bichhiya,2,0,0,0,,,,,,,GP_000486
300015,Dundi,Ghughri,3,0,0,0,,,,,,,GP_000487
300016,Deori,Narayanganj,1,2217,53,1822,22.997588107925782,80.01713774369684,2217.0,53.0,1822.0,True,GP_000488
300017,Khanora,Bijadandi,2,0,0,0,,,,,,,GP_000489
300274,Berpani,Bijadandi,8,0,0,0,,,,,,,GP_000490
